{
  "colsample_bytree": 0.5,
  "learning_rate": 0.07663282515155234,
  "max_depth": 6,
  "n_estimators": 148,
  "subsample": 0.7000000000000001
}