{
  "dropout": 0.2,
  "epochs": 30,
  "first_dim": 384,
  "hidden": [
    384,
    176,
    80
  ],
  "lr": 0.0013259433831351454,
  "num_layers": 3,
  "width_decay": 0.43766168214442824
}