{
  "dropout": 0.30000000000000004,
  "epochs": 40,
  "first_dim": 960,
  "hidden": [
    960,
    608,
    384
  ],
  "lr": 0.0002443900058721667,
  "num_layers": 3,
  "width_decay": 0.6387810493943195
}